filter,load_factor,insert_ops_s,delete_ops_s,fail_rate,avg_probe_length,avg_cluster_length,max_cluster_length,evictions,stash_hits,cluster_hist
cuckoo,0.4,3.11662e+06,2.55106e+06,0,0,0,0,1663,0
cuckoo,0.4,6.94199e+06,3.34206e+06,0,0,0,0,1630,0
cuckoo,0.4,1.16268e+07,3.62937e+06,0,0,0,0,1589,0
cuckoo,0.4,7.17834e+06,3.92865e+06,0,0,0,0,1527,0
cuckoo,0.4,6.05587e+06,3.63681e+06,0,0,0,0,1534,0
cuckoo,0.4,7.44624e+06,4.66485e+06,0,0,0,0,1594,0
cuckoo,0.4,5.71497e+06,3.91001e+06,0,0,0,0,1548,0
cuckoo,0.4,6.9734e+06,3.78553e+06,0,0,0,0,1561,0
cuckoo,0.4,9.28005e+06,4.70765e+06,0,0,0,0,1575,0
cuckoo,0.4,6.49747e+06,4.08356e+06,0,0,0,0,1577,0
cuckoo,0.45,7.84868e+06,4.14446e+06,0,0,0,0,3142,0
cuckoo,0.45,8.72882e+06,4.45308e+06,0,0,0,0,3132,0
cuckoo,0.45,7.37615e+06,4.37599e+06,0,0,0,0,3036,0
cuckoo,0.45,6.14605e+06,4.42021e+06,0,0,0,0,3076,0
cuckoo,0.45,7.93216e+06,4.05853e+06,0,0,0,0,3076,0
cuckoo,0.45,6.74441e+06,4.45038e+06,0,0,0,0,3041,0
cuckoo,0.45,8.77994e+06,4.44562e+06,0,0,0,0,3137,0
cuckoo,0.45,7.41746e+06,4.44799e+06,0,0,0,0,3020,0
cuckoo,0.45,8.82488e+06,4.33058e+06,0,0,0,0,3056,0
cuckoo,0.45,7.25195e+06,4.85166e+06,0,0,0,0,3113,0
cuckoo,0.5,7.07769e+06,4.87906e+06,0,0,0,0,5703,0
cuckoo,0.5,8.61341e+06,5.304e+06,0,0,0,0,5824,0
cuckoo,0.5,7.58282e+06,4.28028e+06,0,0,0,0,5592,0
cuckoo,0.5,7.04235e+06,4.74407e+06,0,0,0,0,5694,0
cuckoo,0.5,8.72897e+06,5.17944e+06,0,0,0,0,5671,0
cuckoo,0.5,8.8795e+06,5.2231e+06,0,0,0,0,5626,0
cuckoo,0.5,8.37535e+06,4.78464e+06,0,0,0,0,5622,0
cuckoo,0.5,1.13652e+07,6.23702e+06,0,0,0,0,5677,0
cuckoo,0.5,1.33259e+07,6.4984e+06,0,0,0,0,5753,0
cuckoo,0.5,1.2568e+07,7.70429e+06,0,0,0,0,5615,0
cuckoo,0.55,1.08442e+07,7.27267e+06,0,0,0,0,10123,0
cuckoo,0.55,9.50851e+06,6.82555e+06,0,0,0,0,10114,0
cuckoo,0.55,9.29887e+06,6.89604e+06,0,0,0,0,10174,0
cuckoo,0.55,8.88068e+06,6.35584e+06,0,0,0,0,10154,0
cuckoo,0.55,1.1065e+07,5.94972e+06,0,0,0,0,9973,0
cuckoo,0.55,1.05857e+07,7.46745e+06,0,0,0,0,9977,0
cuckoo,0.55,9.47481e+06,6.88113e+06,0,0,0,0,9946,0
cuckoo,0.55,1.16981e+07,7.04167e+06,0,0,0,0,10008,0
cuckoo,0.55,1.15441e+07,7.82123e+06,0,0,0,0,10166,0
cuckoo,0.55,1.19667e+07,7.51022e+06,0,0,0,0,10088,0
cuckoo,0.6,9.29912e+06,7.74053e+06,0,0,0,0,17286,0
cuckoo,0.6,1.01235e+07,7.13386e+06,0,0,0,0,17753,0
cuckoo,0.6,9.41212e+06,6.34101e+06,0,0,0,0,17702,0
cuckoo,0.6,8.5365e+06,7.20828e+06,0,0,0,0,17473,0
cuckoo,0.6,9.58681e+06,7.40086e+06,0,0,0,0,17605,0
cuckoo,0.6,1.00286e+07,7.57694e+06,0,0,0,0,17306,0
cuckoo,0.6,8.90884e+06,7.28297e+06,0,0,0,0,17565,0
cuckoo,0.6,9.57928e+06,7.30291e+06,0,0,0,0,17679,0
cuckoo,0.6,1.00906e+07,6.725e+06,0,0,0,0,17398,0
cuckoo,0.6,9.82956e+06,7.78731e+06,0,0,0,0,17412,0
cuckoo,0.65,5.68159e+06,6.94813e+06,0,0,0,0,30330,0
cuckoo,0.65,8.17521e+06,7.3083e+06,0,0,0,0,31342,0
cuckoo,0.65,4.70241e+06,4.64945e+06,0,0,0,0,30347,0
cuckoo,0.65,5.00769e+06,5.39156e+06,0,0,0,0,30498,0
cuckoo,0.65,6.55235e+06,5.68083e+06,0,0,0,0,30907,0
cuckoo,0.65,5.36584e+06,5.66948e+06,0,0,0,0,30322,0
cuckoo,0.65,6.28583e+06,6.75482e+06,0,0,0,0,31004,0
cuckoo,0.65,6.8679e+06,6.59284e+06,0,0,0,0,31001,0
cuckoo,0.65,7.55829e+06,6.30248e+06,0,0,0,0,30255,0
cuckoo,0.65,6.36586e+06,6.94635e+06,0,0,0,0,30130,0
cuckoo,0.7,5.39293e+06,7.29588e+06,0,0,0,0,54018,0
cuckoo,0.7,5.48252e+06,7.67756e+06,0,0,0,0,54846,0
cuckoo,0.7,6.03056e+06,7.56232e+06,0,0,0,0,53961,0
cuckoo,0.7,6.0024e+06,7.2529e+06,0,0,0,0,53998,0
cuckoo,0.7,5.62189e+06,5.55395e+06,0,0,0,0,53820,0
cuckoo,0.7,6.00792e+06,7.74648e+06,0,0,0,0,52890,0
cuckoo,0.7,5.56087e+06,6.82779e+06,0,0,0,0,53668,0
cuckoo,0.7,5.67157e+06,6.50442e+06,0,0,0,0,54713,0
cuckoo,0.7,5.58257e+06,6.97545e+06,0,0,0,0,53128,0
cuckoo,0.7,6.07921e+06,7.69574e+06,0,0,0,0,52912,0
cuckoo,0.75,4.29721e+06,7.02982e+06,0,0,0,0,100455,0
cuckoo,0.75,3.82012e+06,7.52558e+06,0,0,0,0,100186,0
cuckoo,0.75,3.06683e+06,7.29006e+06,0,0,0,0,99052,0
cuckoo,0.75,3.72388e+06,6.87746e+06,0,0,0,0,99835,0
cuckoo,0.75,4.1058e+06,7.4944e+06,0,0,0,0,99330,0
cuckoo,0.75,3.94062e+06,6.64567e+06,0,0,0,0,98909,0
cuckoo,0.75,3.37237e+06,6.75522e+06,0,0,0,0,98988,0
cuckoo,0.75,3.68596e+06,6.07818e+06,0,0,0,0,100108,0
cuckoo,0.75,3.69962e+06,5.16713e+06,0,0,0,0,98402,0
cuckoo,0.75,4.03706e+06,7.37497e+06,0,0,0,0,97874,0
cuckoo,0.8,2.07363e+06,6.35762e+06,0,0,0,0,224649,0
cuckoo,0.8,2.17653e+06,6.96659e+06,0,0,0,0,225376,0
cuckoo,0.8,1.90002e+06,5.74119e+06,0,0,0,0,220814,0
cuckoo,0.8,1.80963e+06,5.8768e+06,0,0,0,0,222273,0
cuckoo,0.8,2.00174e+06,6.44695e+06,0,0,0,0,221950,0
cuckoo,0.8,2.22903e+06,6.51932e+06,0,0,0,0,221991,0
cuckoo,0.8,1.96461e+06,6.49334e+06,0,0,0,0,220693,0
cuckoo,0.8,2.18815e+06,6.57858e+06,0,0,0,0,227357,0
cuckoo,0.8,1.03957e+06,5.0307e+06,0,0,0,0,218558,0
cuckoo,0.8,1.99637e+06,5.46932e+06,0,0,0,0,220377,0
cuckoo,0.85,594406,5.45581e+06,0,0,0,0,838127,0
cuckoo,0.85,396773,4.51459e+06,0,0,0,0,841933,0
cuckoo,0.85,477892,5.37567e+06,0,0,0,0,811022,0
cuckoo,0.85,500380,5.24516e+06,0,0,0,0,825276,0
cuckoo,0.85,567167,5.52327e+06,0,0,0,0,813413,0
cuckoo,0.85,535226,5.05373e+06,0,0,0,0,795440,0
cuckoo,0.85,570837,5.70521e+06,0,0,0,0,797642,0
cuckoo,0.85,488834,5.24872e+06,0,0,0,0,888798,0
cuckoo,0.85,596091,5.34168e+06,0,0,0,0,782401,0
cuckoo,0.85,583535,5.22713e+06,0,0,0,0,816543,0
cuckoo,0.9,14919.5,5.13599e+06,0.05655,0,0,0,23947519,16
cuckoo,0.9,15669.1,4.43309e+06,0.05671,0,0,0,23802070,16
cuckoo,0.9,19495,5.35533e+06,0.03779,0,0,0,19446758,16
cuckoo,0.9,21467.3,6.42944e+06,0.04763,0,0,0,21891551,16
cuckoo,0.9,21885.3,6.23213e+06,0.04244,0,0,0,20616910,16
cuckoo,0.9,23514.5,5.59565e+06,0.03055,0,0,0,17512428,16
cuckoo,0.9,24284.1,6.39377e+06,0.03563,0,0,0,18796758,16
cuckoo,0.9,14570.8,5.42344e+06,0.08581,0,0,0,30439926,16
cuckoo,0.9,23483.6,5.75319e+06,0.02899,0,0,0,17149587,16
cuckoo,0.9,18439,5.82936e+06,0.04284,0,0,0,20752084,16
cuckoo,0.95,4322.34,5.98134e+06,0.321924,0,0,0,49326287,16
cuckoo,0.95,4549.81,5.82691e+06,0.322431,0,0,0,49191572,16
cuckoo,0.95,4667.93,5.71845e+06,0.284422,0,0,0,44667837,16
cuckoo,0.95,4579.86,5.41649e+06,0.303304,0,0,0,47106278,16
cuckoo,0.95,4253.8,5.17316e+06,0.296444,0,0,0,46067768,16
cuckoo,0.95,3728.72,4.90981e+06,0.270545,0,0,0,42748742,16
cuckoo,0.95,3829.71,4.90512e+06,0.281009,0,0,0,44055417,16
cuckoo,0.95,2958.4,4.6807e+06,0.375875,0,0,0,55793241,16
cuckoo,0.95,3917.56,4.95007e+06,0.26582,0,0,0,42252611,16
cuckoo,0.95,3600.29,4.59772e+06,0.295114,0,0,0,46070939,16
quotient,0.4,7.78077e+06,1.32426e+07,0,0.38263,2.16892,41,0,0,"0,57467,17337,9717,5422,3226,2089,1414,934,655,485,344,257,192,120,88,53,58,40,31,14,14,16,9,6,2,2,2,2,0,0,1,1,1,0,0,0,0,0,0,0,1,0,0,0,0,0,0,0,0,0,0,0,0,0,0,0,0,0,0,0,0,0,0,0"
quotient,0.4,7.64292e+06,1.29487e+07,0,0.38427,2.16396,32,0,0,"0,57692,17265,9662,5360,3256,2059,1414,920,677,475,326,239,158,127,99,70,45,29,22,20,20,14,10,10,10,10,6,3,0,0,1,1,0,0,0,0,0,0,0,0,0,0,0,0,0,0,0,0,0,0,0,0,0,0,0,0,0,0,0,0,0,0,0,0"
quotient,0.4,7.61603e+06,1.357e+07,0,0.39168,2.17291,39,0,0,"0,57672,17100,9708,5261,3319,2147,1418,948,682,487,326,257,182,136,95,69,53,35,35,19,17,6,5,7,5,3,3,3,0,0,0,1,0,0,0,0,0,0,1,0,0,0,0,0,0,0,0,0,0,0,0,0,0,0,0,0,0,0,0,0,0,0,0,0"
quotient,0.4,6.88487e+06,1.36616e+07,0,0.38345,2.16336,32,0,0,"0,57671,17176,9722,5319,3233,2070,1428,999,705,475,358,243,188,130,84,42,36,24,26,24,11,10,5,2,7,3,1,2,1,0,4,1,0,0,0,0,0,0,0,0,0,0,0,0,0,0,0,0,0,0,0,0,0,0,0,0,0,0,0,0,0,0,0,0"
quotient,0.4,7.20856e+06,1.32253e+07,0,0.37605,2.15537,35,0,0,"0,57777,17268,9593,5488,3196,2078,1364,928,628,464,334,245,167,130,85,58,49,36,24,21,11,14,11,8,2,6,8,2,2,1,1,0,0,0,1,0,0,0,0,0,0,0,0,0,0,0,0,0,0,0,0,0,0,0,0,0,0,0,0,0,0,0,0,0"
quotient,0.4,7.59884e+06,1.29391e+07,0,0.38462,2.16581,33,0,0,"0,57534,17319,9677,5376,3340,2027,1364,978,669,507,339,228,168,126,91,78,54,36,20,15,11,9,11,8,6,4,1,1,0,1,1,0,1,0,0,0,0,0,0,0,0,0,0,0,0,0,0,0,0,0,0,0,0,0,0,0,0,0,0,0,0,0,0,0"
quotient,0.4,6.68583e+06,1.29541e+07,0,0.38503,2.17061,47,0,0,"0,57403,17428,9584,5323,3338,2211,1436,931,707,453,314,228,173,130,88,71,45,27,28,26,11,10,8,5,7,6,4,0,0,1,0,0,0,1,0,0,0,0,0,0,1,0,0,0,1,0,1,0,0,0,0,0,0,0,0,0,0,0,0,0,0,0,0,0"
quotient,0.4,7.54063e+06,1.32614e+07,0,0.38282,2.15952,37,0,0,"0,57880,17064,9724,5296,3268,2033,1424,979,680,453,337,231,164,100,96,66,54,38,21,30,17,8,10,10,5,1,1,4,1,1,0,1,0,0,1,1,1,0,0,0,0,0,0,0,0,0,0,0,0,0,0,0,0,0,0,0,0,0,0,0,0,0,0,0"
quotient,0.4,7.47664e+06,1.18804e+07,0,0.3798,2.15744,32,0,0,"0,57797,17092,9809,5322,3218,2152,1369,940,652,435,314,254,184,123,88,59,40,31,39,21,17,10,8,7,6,2,3,4,1,1,1,1,0,0,0,0,0,0,0,0,0,0,0,0,0,0,0,0,0,0,0,0,0,0,0,0,0,0,0,0,0,0,0,0"
quotient,0.4,7.9255e+06,1.31354e+07,0,0.37827,2.15851,33,0,0,"0,57750,17199,9578,5409,3288,2137,1400,981,633,460,327,211,168,119,89,62,51,26,29,18,15,8,9,8,5,6,5,3,2,1,1,1,1,0,0,0,0,0,0,0,0,0,0,0,0,0,0,0,0,0,0,0,0,0,0,0,0,0,0,0,0,0,0,0"
quotient,0.45,6.30967e+06,1.22504e+07,0,1.0082,3.49833,45,0,0,"0,30210,23435,13857,8822,6031,4236,3154,2371,1811,1355,1038,819,586,466,391,286,210,171,145,127,107,95,69,47,31,22,26,22,13,14,12,5,3,1,2,2,1,0,2,0,0,1,1,0,3,0,0,0,0,0,0,0,0,0,0,0,0,0,0,0,0,0,0,0"
quotient,0.45,6.44779e+06,1.15985e+07,0,0.99571,3.47065,43,0,0,"0,30248,23595,13837,8931,5949,4279,3172,2336,1700,1340,1081,803,592,458,363,281,220,150,146,91,85,67,43,37,39,32,23,17,20,15,12,9,8,4,1,4,5,3,1,1,1,0,1,0,0,0,0,0,0,0,0,0,0,0,0,0,0,0,0,0,0,0,0,0"
quotient,0.45,6.71312e+06,1.11994e+07,0,1.00029,3.48264,51,0,0,"0,30191,23748,13743,8816,6112,4311,3083,2296,1771,1258,992,770,618,470,369,297,248,148,181,134,80,51,71,53,48,36,18,17,24,12,6,3,3,0,3,2,1,2,4,1,2,1,1,0,0,0,2,1,0,1,1,0,0,0,0,0,0,0,0,0,0,0,0,0"
quotient,0.45,6.08487e+06,1.22252e+07,0,0.99255,3.46646,47,0,0,"0,30181,23659,14002,8855,6006,4384,3054,2373,1688,1306,977,760,583,453,368,269,216,160,127,118,92,69,42,46,35,26,27,21,16,18,11,12,9,6,6,4,2,3,4,2,1,1,3,1,1,2,1,0,0,0,0,0,0,0,0,0,0,0,0,0,0,0,0,0"
quotient,0.45,6.17524e+06,1.18547e+07,0,0.99595,3.47838,57,0,0,"0,29921,23759,13992,8850,5992,4303,3160,2302,1728,1336,1067,800,628,470,371,306,210,169,132,96,74,68,42,53,39,23,22,13,20,12,9,5,6,7,6,1,3,1,0,1,0,0,0,1,1,0,0,0,0,0,0,0,0,0,0,0,1,0,0,0,0,0,0,0"
quotient,0.45,5.72488e+06,1.12581e+07,0,0.99765,3.48102,49,0,0,"0,30254,23608,13751,8885,6040,4312,2994,2361,1782,1343,1022,798,608,510,312,318,248,192,157,108,73,71,54,40,32,16,19,17,17,8,7,9,7,4,4,3,3,4,1,1,1,1,2,0,0,1,1,0,1,0,0,0,0,0,0,0,0,0,0,0,0,0,0,0"
quotient,0.45,6.44006e+06,1.20573e+07,0,1.00382,3.49168,58,0,0,"0,30039,23699,13901,8803,6039,4269,3153,2321,1772,1324,1017,755,609,492,358,305,244,178,153,118,97,73,49,44,42,32,26,18,15,12,8,9,7,0,3,2,4,1,0,0,1,2,0,1,1,0,0,1,1,0,1,0,0,0,0,0,0,1,0,0,0,0,0,0"
quotient,0.45,6.03788e+06,1.19788e+07,0,0.99219,3.47445,45,0,0,"0,30280,23853,13745,8701,6062,4271,3004,2321,1735,1365,1032,796,616,474,358,275,225,179,163,103,88,79,49,44,35,25,22,22,18,10,9,8,4,3,6,4,1,3,2,2,1,3,1,2,1,0,0,0,0,0,0,0,0,0,0,0,0,0,0,0,0,0,0,0"
quotient,0.45,6.17173e+06,1.13636e+07,0,1.00556,3.49427,60,0,0,"0,30269,23559,13759,8822,6042,4239,3163,2384,1733,1318,1032,770,639,463,370,274,207,194,160,119,100,83,65,47,36,34,19,21,14,8,9,9,9,7,3,3,1,5,3,2,2,1,1,0,0,0,0,0,1,0,0,0,0,0,0,0,0,0,0,1,0,0,0,0"
quotient,0.45,6.46463e+06,1.18569e+07,0,0.99149,3.46649,44,0,0,"0,30234,23496,14077,8872,6049,4174,3077,2333,1773,1374,1059,728,583,475,378,269,216,178,134,113,81,72,52,33,33,20,15,14,19,17,10,11,8,8,3,3,2,2,0,2,1,0,1,1,0,0,0,0,0,0,0,0,0,0,0,0,0,0,0,0,0,0,0,0"
quotient,0.5,5.11033e+06,9.83055e+06,0,2.08791,5.81601,71,0,0,"0,0,29375,16080,11389,8286,6186,4937,4060,3375,2693,2208,1784,1473,1239,1055,852,781,649,512,413,365,319,271,243,221,172,139,135,137,103,75,79,59,46,39,42,27,24,21,13,15,17,19,8,11,7,8,8,6,1,2,2,2,3,1,1,1,1,1,2,1,2,1,3"
quotient,0.5,4.98003e+06,9.70478e+06,0,2.07356,5.78593,76,0,0,"0,0,29521,15886,11306,8191,6649,5114,4065,3239,2612,2192,1779,1481,1206,1052,875,782,619,510,424,364,300,240,201,198,159,142,116,98,88,72,76,62,56,41,31,28,31,32,24,17,22,13,18,12,6,7,9,6,2,5,2,1,2,2,1,0,3,1,1,2,1,1,4"
quotient,0.5,4.73467e+06,9.71958e+06,0,2.0815,5.80692,88,0,0,"0,0,29490,15930,11327,8327,6522,5080,4030,3187,2650,2188,1798,1456,1222,1007,831,739,609,526,468,387,309,257,215,169,164,139,127,118,93,77,72,60,68,48,34,37,35,34,25,16,13,17,14,6,6,7,5,6,6,8,8,7,5,4,3,2,0,1,0,0,1,0,10"
quotient,0.5,4.6931e+06,1.00051e+07,0,2.07969,5.78054,79,0,0,"0,0,29504,15991,11294,8384,6522,5051,4046,3327,2649,2142,1742,1445,1187,1018,872,751,594,511,426,325,310,256,207,215,167,141,112,103,96,83,85,55,54,44,43,29,30,29,17,12,18,12,15,12,10,8,8,5,7,2,5,5,4,4,1,1,3,1,0,0,1,2,7"
quotient,0.5,4.99286e+06,9.83778e+06,0,2.06308,5.77217,75,0,0,"0,0,29760,15998,11284,8388,6359,4894,4035,3183,2667,2184,1712,1471,1285,1023,894,748,604,530,421,328,322,257,227,229,194,150,117,112,87,78,58,48,47,52,40,35,30,23,18,10,17,5,9,8,12,8,5,4,1,6,4,2,0,2,1,0,2,3,0,1,1,1,6"
quotient,0.5,4.90045e+06,9.92675e+06,0,2.06912,5.78045,63,0,0,"0,0,29229,16143,11186,8456,6415,5097,4078,3223,2726,2162,1799,1497,1285,1045,852,690,659,520,461,365,318,277,225,198,171,138,113,91,92,62,63,50,42,42,44,34,11,14,18,11,11,14,9,11,7,7,4,6,4,2,4,2,5,2,2,2,1,1,3,0,0,1,0"
quotient,0.5,5.25674e+06,9.68853e+06,0,2.07239,5.7844,68,0,0,"0,0,29831,15674,11385,8297,6354,5118,4040,3180,2713,2139,1716,1429,1259,1045,903,768,646,511,440,402,313,260,224,196,168,141,115,116,93,66,64,51,39,43,36,23,25,24,21,23,14,13,6,8,8,4,4,2,1,2,3,4,2,4,3,2,6,4,3,5,2,2,7"
quotient,0.5,4.67878e+06,9.8008e+06,0,2.09275,5.80914,66,0,0,"0,0,29465,15978,11327,8220,6377,5050,4061,3261,2597,2140,1817,1561,1235,1086,885,741,639,539,427,388,318,281,229,206,163,155,128,110,74,74,59,54,51,34,35,23,25,25,18,19,20,12,18,12,11,7,10,10,3,3,5,2,3,0,0,0,2,1,1,1,1,1,2"
quotient,0.5,4.91717e+06,9.56281e+06,0,2.08948,5.79809,70,0,0,"0,0,29751,15867,11221,8376,6414,4903,4058,3238,2705,2196,1749,1428,1269,1041,873,724,590,513,456,358,323,275,224,202,173,161,130,97,85,78,77,63,54,43,40,32,24,31,27,13,17,13,8,10,6,8,11,2,5,3,5,5,4,4,2,3,1,2,0,2,0,0,7"
quotient,0.5,5.19178e+06,9.96427e+06,0,2.06304,5.76444,70,0,0,"0,0,29563,16018,11273,8421,6509,5066,4014,3195,2604,2128,1868,1535,1233,1035,873,699,566,500,407,343,323,232,203,173,158,134,136,115,82,90,59,57,46,45,34,20,26,30,30,28,17,16,22,13,7,10,10,10,4,4,2,1,1,1,2,0,1,0,1,1,1,0,5"
quotient,0.55,4.20877e+06,8.49295e+06,0,2.90854,7.57329,92,0,0,"0,0,26479,12512,9580,7525,6145,5009,4135,3508,2989,2621,2204,1957,1763,1518,1267,1113,1030,916,824,752,662,556,508,435,385,351,331,286,272,251,234,187,180,162,161,126,114,84,76,69,69,58,58,55,59,47,46,38,32,28,28,25,17,16,11,12,10,11,14,8,6,7,68"
quotient,0.55,4.15911e+06,8.13117e+06,0,2.91451,7.56441,116,0,0,"0,0,26319,12647,9609,7426,5982,5183,4311,3490,3037,2604,2255,1960,1678,1546,1330,1172,994,916,816,667,645,556,482,430,374,375,335,292,290,237,204,181,142,135,134,116,96,95,88,81,63,65,58,48,56,58,30,46,50,40,31,27,13,16,9,15,12,7,10,9,6,9,92"
quotient,0.55,4.30035e+06,8.45134e+06,0,2.9257,7.57459,153,0,0,"0,0,26504,12618,9503,7431,6125,5007,4170,3636,2909,2633,2264,2009,1663,1457,1291,1210,1036,910,821,739,630,552,506,428,397,354,319,288,242,237,217,185,168,172,162,105,114,90,82,79,63,51,45,50,37,42,46,46,26,28,24,24,15,17,12,17,19,18,16,10,6,8,117"
quotient,0.55,4.30769e+06,8.55313e+06,0,2.89501,7.53269,99,0,0,"0,0,26456,12640,9630,7561,6158,4946,4153,3553,3039,2558,2219,1883,1745,1507,1331,1173,982,922,816,756,617,547,495,431,406,370,345,279,255,216,190,174,159,153,131,127,96,85,82,83,63,64,50,61,44,45,31,39,30,33,30,24,16,11,21,21,11,15,15,14,7,6,80"
quotient,0.55,4.31375e+06,8.57759e+06,0,2.86064,7.48498,95,0,0,"0,0,26391,12608,9770,7569,6210,5043,4121,3599,3076,2526,2254,1892,1707,1447,1314,1143,1066,899,801,681,640,564,475,405,373,356,318,295,233,227,202,176,162,139,130,111,106,98,85,86,85,67,63,56,54,40,43,34,29,23,21,20,15,15,13,17,11,9,6,4,6,5,66"
quotient,0.55,4.27208e+06,8.36718e+06,0,2.90847,7.55688,134,0,0,"0,0,26406,12608,9735,7292,6085,4897,4196,3611,3111,2565,2336,2008,1726,1479,1307,1173,1049,875,803,676,672,599,479,458,384,355,346,308,242,213,204,174,145,143,135,117,113,105,73,92,71,44,44,49,46,39,37,33,33,20,15,18,15,15,22,11,19,10,7,15,12,10,120"
quotient,0.55,4.26457e+06,8.29789e+06,0,2.89015,7.51697,94,0,0,"0,0,26518,12647,9731,7456,6093,4898,4244,3488,2975,2624,2281,1935,1719,1448,1325,1210,1006,872,810,724,668,549,510,433,403,352,319,279,250,226,209,174,178,147,129,111,117,88,92,71,72,62,50,47,48,39,44,32,31,31,21,15,19,10,15,10,12,10,10,5,9,10,89"
quotient,0.55,4.28668e+06,8.31141e+06,0,2.92111,7.58344,101,0,0,"0,0,26409,12599,9606,7413,6200,5091,4176,3500,3008,2625,2209,1870,1732,1490,1325,1159,1001,911,776,750,677,565,522,416,355,333,342,304,255,232,210,197,171,151,134,142,118,101,87,75,79,54,53,51,39,32,35,32,37,39,30,29,22,20,15,15,20,21,9,11,15,16,89"
quotient,0.55,4.38827e+06,8.38338e+06,0,2.90324,7.54651,105,0,0,"0,0,26354,12521,9754,7501,6182,5039,4163,3422,3050,2687,2244,1966,1702,1506,1344,1117,1009,904,794,725,621,547,487,446,418,375,359,262,248,214,206,179,161,145,128,122,106,95,85,82,80,71,42,51,44,35,29,38,31,34,32,22,15,17,12,13,15,7,10,6,12,8,106"
quotient,0.55,4.22424e+06,8.41456e+06,0,2.8706,7.49696,100,0,0,"0,0,26493,12618,9691,7633,6086,4967,4129,3586,3069,2635,2265,1958,1676,1483,1289,1185,1021,896,826,745,616,523,434,404,392,307,321,288,256,215,194,173,147,125,112,111,96,84,87,73,75,61,44,67,54,45,51,42,38,25,25,30,18,19,21,17,20,17,14,16,11,8,73"
quotient,0.6,3.58057e+06,6.82473e+06,0,4.12471,10.0732,163,0,0,"0,0,23327,9566,8483,6584,5388,4716,4035,3422,3115,2835,2498,2231,2014,1809,1639,1473,1360,1260,1142,1025,954,868,747,665,662,558,485,495,471,445,403,393,354,325,307,290,269,214,238,210,142,158,155,152,133,139,112,132,112,99,101,83,90,84,73,69,58,53,51,58,51,45,575"
quotient,0.6,3.5637e+06,6.87189e+06,0,4.11822,10.0248,135,0,0,"0,0,23466,9603,8427,6429,5656,4556,4151,3512,3042,2766,2465,2212,1936,1794,1660,1514,1355,1252,1105,1066,955,839,787,667,668,603,544,485,436,433,410,375,373,320,282,280,246,214,220,197,193,165,157,143,141,111,124,102,108,121,110,79,78,82,58,64,59,64,58,51,55,47,529"
quotient,0.6,3.59751e+06,6.9605e+06,0,4.16775,10.0955,179,0,0,"0,0,23443,9675,8523,6420,5547,4710,4043,3394,3189,2650,2486,2147,1948,1734,1609,1484,1337,1223,1075,1032,926,887,779,717,608,608,585,525,468,447,384,360,350,330,333,283,274,255,210,204,191,182,160,159,125,133,115,117,97,96,80,83,75,84,81,67,63,54,52,54,44,35,651"
quotient,0.6,3.60896e+06,6.90954e+06,0,4.1676,10.0982,137,0,0,"0,0,23355,9557,8351,6460,5441,4798,4154,3449,3031,2788,2485,2247,1959,1772,1563,1466,1330,1157,1146,1063,955,868,819,766,670,643,576,535,467,422,402,391,395,298,289,256,262,233,237,206,191,178,178,153,145,117,139,146,99,114,95,96,75,77,58,60,59,51,49,45,41,44,528"
quotient,0.6,3.45937e+06,6.77895e+06,0,4.06175,9.94347,122,0,0,"0,0,23443,9750,8403,6512,5388,4699,4071,3524,3034,2774,2449,2305,2036,1813,1655,1499,1328,1243,1154,1005,935,815,841,730,635,594,531,489,442,423,409,379,326,316,306,256,257,256,229,202,190,173,171,164,133,133,126,113,115,106,85,78,79,75,72,57,55,50,44,39,33,35,418"
quotient,0.6,3.57674e+06,6.99059e+06,0,4.158,10.087,147,0,0,"0,0,23270,9621,8399,6459,5517,4719,3994,3531,3143,2758,2509,2125,1961,1848,1623,1517,1365,1274,1156,1033,890,822,802,726,640,559,544,558,504,485,420,362,347,313,307,272,246,226,217,198,171,158,183,180,144,127,127,104,102,105,107,81,87,77,75,71,71,59,49,30,34,38,560"
quotient,0.6,3.77558e+06,6.91709e+06,0,4.10126,9.98799,125,0,0,"0,0,23526,9692,8420,6395,5518,4734,4040,3504,3146,2785,2451,2208,1981,1829,1585,1460,1319,1138,1080,974,953,879,783,733,712,649,549,510,482,449,392,368,331,321,307,292,248,231,224,226,169,141,171,147,154,134,115,120,100,86,88,77,75,82,71,68,57,43,45,44,31,30,528"
quotient,0.6,3.57774e+06,6.96093e+06,0,4.1392,10.0873,128,0,0,"0,0,23338,9576,8522,6498,5571,4562,4086,3534,3167,2731,2460,2236,1940,1732,1659,1432,1336,1192,1078,932,949,912,774,704,653,604,532,517,479,452,439,438,372,332,320,275,249,259,240,202,181,186,169,140,142,139,123,116,95,93,96,79,77,75,63,60,61,45,50,57,46,46,577"
quotient,0.6,3.71978e+06,6.64096e+06,0,4.10095,10.0348,135,0,0,"0,0,23400,9682,8625,6448,5423,4617,3994,3509,3156,2743,2500,2249,1963,1822,1620,1539,1374,1215,1050,998,879,859,761,710,592,604,517,535,458,442,397,379,354,342,274,278,267,253,205,194,213,194,177,177,136,134,112,115,101,118,108,88,75,60,62,59,59,56,50,40,40,36,563"
quotient,0.6,3.62907e+06,7.07117e+06,0,4.15571,10.0824,150,0,0,"0,0,23300,9643,8438,6462,5428,4744,4139,3485,3112,2768,2533,2202,2004,1850,1544,1427,1361,1206,1108,1025,964,849,745,706,686,625,530,486,466,411,362,371,346,336,322,291,258,243,224,229,214,162,162,145,154,134,133,110,110,97,96,73,86,73,75,73,54,52,46,52,47,41,582"
quotient,0.65,2.98049e+06,5.42157e+06,0,6.0978,13.6802,250,0,0,"0,0,20385,7060,7315,5450,4938,4205,3656,3232,2901,2655,2430,2253,2106,1937,1738,1602,1465,1360,1317,1166,1112,1049,977,988,903,836,763,725,686,652,598,588,586,567,501,483,472,442,397,389,372,341,317,292,295,293,248,225,234,193,182,192,171,187,159,167,152,144,115,129,127,150,2430"
quotient,0.65,3.02977e+06,5.659e+06,0,6.09245,13.6993,172,0,0,"0,0,20283,7125,7274,5340,4757,4244,3741,3327,3009,2673,2413,2160,2039,1883,1738,1657,1519,1517,1318,1255,1185,1082,1006,957,937,876,803,708,672,628,564,543,515,513,498,441,418,425,398,350,351,328,327,320,296,258,250,230,215,207,195,206,172,167,183,164,144,151,144,154,128,120,2499"
quotient,0.65,2.94905e+06,5.49303e+06,0,6.07462,13.608,217,0,0,"0,0,20192,7217,7463,5371,4922,4104,3717,3274,2938,2671,2444,2324,2060,1917,1728,1616,1511,1395,1372,1247,1170,1117,1000,900,880,833,718,719,683,653,601,581,518,485,470,467,432,385,411,381,385,351,305,285,294,273,273,251,225,220,207,190,203,163,163,160,135,126,128,133,128,117,2398"
quotient,0.65,3.03146e+06,5.46612e+06,0,6.02006,13.6349,217,0,0,"0,0,20393,7112,7413,5304,4884,4097,3684,3249,2949,2745,2469,2310,2075,1913,1802,1649,1528,1381,1263,1175,1111,1105,1006,963,862,870,790,706,685,616,572,589,568,531,453,469,426,386,381,377,355,324,311,293,298,277,237,231,228,200,220,202,192,193,163,173,150,143,136,127,138,110,2438"
quotient,0.65,3.04018e+06,5.65273e+06,0,6.04305,13.6181,199,0,0,"0,0,20087,7061,7351,5405,4923,4236,3724,3396,2973,2626,2421,2246,1990,1911,1725,1682,1528,1392,1334,1254,1145,1150,1037,955,919,776,809,753,708,644,618,572,553,517,494,458,442,435,383,352,364,336,329,292,295,267,279,254,240,238,212,190,205,202,170,158,149,152,158,136,119,94,2176"
quotient,0.65,3.00499e+06,5.64946e+06,0,6.16917,13.748,282,0,0,"0,0,20286,7075,7213,5323,4823,4217,3690,3316,2894,2702,2384,2310,2064,1892,1767,1650,1566,1417,1322,1234,1201,1067,1028,937,887,809,754,742,730,655,619,585,532,532,497,474,451,435,433,389,327,316,278,235,252,242,232,240,238,230,214,206,203,176,188,161,160,151,156,133,139,110,2511"
quotient,0.65,2.74543e+06,5.52897e+06,0,5.92362,13.4956,182,0,0,"0,0,20375,7097,7438,5491,4869,4142,3670,3285,2951,2743,2485,2234,2068,1843,1782,1654,1516,1367,1332,1281,1125,1040,1008,972,892,790,802,724,689,616,609,614,592,529,503,466,434,423,369,371,345,331,302,301,279,278,245,230,243,237,200,186,180,175,146,150,151,146,126,127,97,122,2212"
quotient,0.65,2.93094e+06,5.46449e+06,0,6.01363,13.499,256,0,0,"0,0,20374,7248,7440,5502,4889,4240,3640,3337,3022,2717,2399,2243,1990,1902,1700,1653,1487,1400,1293,1216,1071,1094,989,918,879,839,762,720,692,645,617,540,527,482,466,474,440,398,384,383,334,329,319,323,301,266,231,243,243,236,201,175,174,182,189,152,135,134,154,130,111,104,2322"
quotient,0.65,3.09937e+06,5.63323e+06,0,5.98758,13.5518,167,0,0,"0,0,20253,7055,7408,5434,4900,4214,3691,3304,3004,2731,2403,2296,2109,1939,1736,1631,1575,1447,1357,1190,1166,1053,939,908,888,851,775,717,664,622,566,554,527,515,481,457,470,404,414,391,352,353,315,282,277,260,236,239,245,215,206,210,185,154,182,175,143,146,151,130,120,120,2265"
quotient,0.65,3.06195e+06,5.59971e+06,0,6.01508,13.5777,275,0,0,"0,0,20213,7120,7252,5467,4848,4226,3728,3299,2974,2770,2547,2204,2083,1935,1747,1657,1500,1393,1307,1198,1196,1103,945,913,888,825,823,780,667,651,611,539,541,521,459,476,475,414,371,363,353,352,299,281,281,261,267,246,223,232,211,179,182,184,186,166,156,135,152,121,112,114,2278"
quotient,0.7,2.40645e+06,4.53129e+06,0,9.27853,18.5037,312,0,0,"0,0,17276,4857,6594,4199,4152,3473,3263,2907,2637,2468,2279,2050,1976,1883,1733,1666,1577,1464,1354,1300,1263,1177,1072,1027,958,937,907,891,864,763,757,735,714,672,661,648,633,602,554,505,515,489,459,442,424,411,415,393,363,382,345,338,340,312,312,289,289,287,284,248,248,213,6754"
quotient,0.7,2.35305e+06,4.5189e+06,0,9.27945,18.5124,248,0,0,"0,0,17198,5034,6477,4290,4236,3416,3306,2861,2695,2413,2257,2145,1935,1875,1800,1576,1512,1389,1316,1312,1277,1167,1130,1117,988,968,962,894,817,805,743,748,652,623,615,658,575,564,544,512,506,483,456,447,428,393,375,355,375,347,337,332,325,320,315,275,260,256,246,224,222,238,7083"
quotient,0.7,2.31218e+06,4.43869e+06,0,9.33275,18.6384,370,0,0,"0,0,17087,4879,6416,4310,4189,3445,3239,2859,2606,2416,2296,2125,2016,1868,1787,1576,1575,1454,1385,1325,1262,1163,1140,1079,942,957,933,859,852,819,777,748,728,724,631,627,596,571,520,545,489,480,427,452,419,401,391,376,370,363,331,315,318,359,301,324,281,234,238,255,233,251,7066"
quotient,0.7,2.37016e+06,4.49498e+06,0,9.12285,18.5194,305,0,0,"0,0,17268,4820,6410,4278,4187,3439,3277,2999,2622,2491,2277,2182,1974,1810,1777,1598,1514,1451,1397,1341,1223,1133,1101,1049,1076,945,898,863,847,800,721,725,668,648,627,624,597,581,540,563,557,526,492,458,419,434,405,390,378,389,333,336,314,274,302,320,287,257,263,241,210,243,6831"
quotient,0.7,2.38587e+06,4.48992e+06,0,9.17116,18.5063,363,0,0,"0,0,16993,4943,6624,4328,4231,3431,3328,2829,2692,2434,2256,2011,2021,1841,1707,1617,1570,1477,1341,1257,1247,1157,1140,1053,1023,961,927,877,860,844,787,752,682,675,652,603,601,573,543,540,471,493,480,465,487,454,425,411,384,345,370,360,330,316,284,287,266,262,271,270,250,263,6628"
quotient,0.7,2.04028e+06,4.02308e+06,0,9.31977,18.6097,352,0,0,"0,0,17226,4939,6482,4154,4232,3565,3282,2797,2621,2453,2263,2058,1928,1873,1745,1612,1537,1397,1376,1341,1258,1159,1087,1033,1010,1025,952,841,869,774,771,707,751,680,646,627,574,579,531,497,511,486,454,429,413,401,416,399,384,356,319,334,343,331,298,264,266,266,262,232,248,257,7079"
quotient,0.7,2.22397e+06,4.43336e+06,0,9.08841,18.3401,335,0,0,"0,0,17131,5035,6465,4384,4225,3550,3247,2855,2737,2390,2296,2093,1914,1871,1736,1635,1528,1393,1407,1304,1241,1216,1116,1069,1033,1027,949,847,891,779,720,719,684,654,653,653,600,603,552,542,523,513,500,473,459,409,419,355,372,358,344,337,310,298,312,295,282,290,275,260,260,226,6386"
quotient,0.7,2.31136e+06,4.04436e+06,0,9.10866,18.3425,317,0,0,"0,0,17187,5013,6621,4193,4266,3498,3290,2934,2803,2465,2250,2069,1950,1818,1732,1631,1465,1467,1340,1279,1224,1161,1112,1030,1049,968,912,892,863,801,773,737,737,680,639,618,555,568,596,544,563,518,468,447,460,462,404,376,354,340,353,310,266,261,264,268,264,237,227,245,221,200,6762"
quotient,0.7,2.33674e+06,4.48539e+06,0,9.13899,18.493,260,0,0,"0,0,17019,4953,6460,4341,4284,3525,3157,2908,2717,2439,2313,2117,1957,1880,1808,1695,1580,1379,1288,1279,1234,1218,1135,1033,1026,944,914,900,882,817,796,674,619,666,650,584,599,558,536,475,497,475,466,443,455,402,455,432,394,356,375,353,336,331,310,284,269,255,266,259,254,232,6742"
quotient,0.7,2.25657e+06,4.5317e+06,0,9.1278,18.4003,409,0,0,"0,0,17038,5063,6548,4315,4249,3560,3327,2864,2645,2380,2359,2127,1918,1877,1688,1618,1562,1469,1371,1292,1239,1125,1141,1037,1043,923,913,938,883,806,764,711,697,659,669,614,558,545,509,520,517,518,471,439,431,438,378,393,391,357,343,328,289,315,297,299,279,278,258,239,242,248,6688"
quotient,0.75,1.81266e+06,3.32719e+06,0,14.9719,24.803,621,0,0,"0,0,14153,3185,5673,3146,3579,2644,2619,2431,2303,2012,2027,1789,1637,1588,1554,1556,1452,1357,1297,1270,1215,1149,1125,947,998,1029,933,904,890,832,811,818,782,744,762,679,656,634,676,641,627,618,612,562,548,503,508,510,503,480,450,472,423,441,415,419,369,355,382,352,354,326,15274"
quotient,0.75,1.76129e+06,3.26661e+06,0,14.861,24.7755,478,0,0,"0,0,13922,3198,5761,3106,3628,2667,2697,2360,2312,2065,1985,1853,1745,1641,1534,1449,1461,1400,1276,1293,1245,1193,1053,1031,1042,1014,980,956,839,822,790,763,772,812,749,688,674,648,654,617,582,547,597,560,532,535,472,462,467,460,465,460,430,403,396,421,381,386,365,317,319,330,15418"
quotient,0.75,1.69533e+06,3.21714e+06,0,14.914,24.8265,624,0,0,"0,0,13995,3179,5763,2993,3639,2759,2754,2374,2276,2020,2038,1754,1773,1667,1599,1523,1401,1367,1268,1276,1190,1153,1053,1041,1044,941,951,893,863,825,797,785,748,743,729,678,657,658,645,668,609,589,571,538,556,526,499,514,452,448,429,447,419,416,406,388,384,380,389,382,345,376,15457"
quotient,0.75,1.79085e+06,3.43615e+06,0,14.9767,24.7203,593,0,0,"0,0,14183,3105,5704,3069,3703,2664,2672,2408,2346,1990,2021,1786,1770,1797,1558,1468,1413,1401,1269,1281,1235,1168,1056,1037,979,974,943,905,867,784,829,788,771,710,710,671,663,646,648,588,546,553,587,584,560,563,546,530,484,465,445,446,438,411,391,400,396,388,380,354,346,335,15272"
quotient,0.75,1.80454e+06,3.32757e+06,0,15.0002,24.9722,493,0,0,"0,0,13929,3219,5544,3023,3643,2714,2726,2384,2281,2068,1888,1816,1756,1640,1567,1456,1399,1327,1307,1242,1181,1101,1074,1057,1026,1010,980,980,852,839,855,853,814,693,701,697,653,673,617,630,583,583,613,597,543,550,560,504,482,445,443,459,461,456,436,424,407,406,352,327,348,372,15434"
quotient,0.75,1.78649e+06,3.3903e+06,0,15.0551,24.8003,540,0,0,"0,0,14133,3146,5591,3077,3544,2707,2838,2425,2303,2015,2015,1882,1690,1649,1551,1456,1420,1319,1325,1309,1141,1103,1089,1087,973,985,965,924,900,839,819,799,770,766,800,702,692,631,632,591,551,638,586,522,556,509,478,454,446,492,462,438,440,419,398,414,381,370,340,383,364,337,15419"
quotient,0.75,1.77414e+06,3.43346e+06,0,14.6257,24.5507,404,0,0,"0,0,14051,3186,5680,3078,3666,2773,2782,2353,2396,2156,1986,1883,1689,1636,1535,1490,1431,1415,1345,1238,1202,1140,1039,1023,1073,988,895,933,853,851,852,781,740,750,726,706,693,671,668,623,605,574,588,610,568,529,518,490,497,518,461,444,399,430,441,416,420,389,335,376,359,364,14693"
quotient,0.75,1.76143e+06,3.46201e+06,0,14.8831,24.7078,589,0,0,"0,0,13945,3240,5628,3159,3690,2668,2774,2271,2346,2110,1953,1834,1702,1670,1590,1580,1447,1343,1309,1227,1178,1180,1126,1058,1014,971,943,891,868,823,811,834,773,775,712,706,640,680,642,602,586,560,567,538,548,558,522,509,475,517,513,477,454,446,433,368,351,368,365,346,327,311,15148"
quotient,0.75,1.7232e+06,3.42362e+06,0,14.9608,24.8233,474,0,0,"0,0,14164,3060,5638,3143,3668,2760,2638,2291,2227,2093,1985,1770,1802,1643,1554,1488,1429,1391,1336,1246,1260,1148,1098,1058,1005,1056,950,877,850,836,846,810,790,749,651,697,635,620,621,619,586,585,553,561,505,513,485,450,473,494,472,445,437,433,419,421,411,389,329,344,355,359,15479"
quotient,0.75,1.82768e+06,3.4542e+06,0,14.6692,24.6482,582,0,0,"0,0,14194,3186,5722,3142,3548,2744,2722,2361,2360,2111,1945,1947,1710,1612,1541,1525,1388,1356,1288,1184,1214,1170,1005,1044,983,943,941,933,901,878,856,781,732,737,696,735,725,688,673,636,584,571,562,522,577,511,524,495,508,487,448,436,410,438,401,371,347,356,384,387,342,344,15138"
quotient,0.8,1.22261e+06,2.32979e+06,0,26.781,32.3931,998,0,0,"0,0,11120,1730,4742,1982,2980,1811,2297,1661,1899,1578,1617,1549,1478,1311,1283,1170,1222,1129,1081,1102,1016,1030,1000,998,873,892,855,817,809,783,728,738,686,656,644,676,651,648,655,621,613,616,582,589,562,548,474,502,542,513,508,475,473,478,479,445,445,439,416,418,394,422,28549"
quotient,0.8,1.21994e+06,2.42243e+06,0,26.5863,32.4308,946,0,0,"0,0,10971,1862,4693,1928,3067,1967,2273,1719,1846,1624,1640,1459,1453,1262,1329,1190,1122,1139,1081,1040,989,992,1013,973,891,874,830,786,828,745,796,728,709,698,720,680,670,646,626,681,636,614,577,515,523,516,541,536,530,510,493,444,450,447,459,406,418,434,447,419,378,369,28798"
quotient,0.8,1.23984e+06,2.33544e+06,0,26.7079,32.4481,1003,0,0,"0,0,10816,1749,4649,1993,3013,1872,2301,1737,2000,1599,1585,1425,1462,1361,1325,1233,1268,1186,1104,1037,999,995,952,958,916,835,816,816,834,777,737,786,745,766,696,674,674,675,640,614,568,634,563,535,564,521,525,492,499,527,465,479,489,447,455,459,448,421,429,431,451,396,28582"
quotient,0.8,1.22626e+06,2.40689e+06,0,26.5949,32.3241,1006,0,0,"0,0,11069,1773,4661,1961,3036,1886,2316,1785,1913,1590,1630,1391,1460,1290,1387,1248,1178,1134,1097,1067,1048,1065,1013,945,900,865,863,864,822,802,745,719,698,716,701,703,653,618,569,581,548,569,577,524,533,540,523,536,537,529,459,455,462,450,423,420,423,414,417,417,423,426,28633"
quotient,0.8,1.21823e+06,2.35783e+06,0,26.9529,32.5425,718,0,0,"0,0,10981,1776,4836,1957,3019,1849,2276,1759,1848,1556,1566,1385,1412,1254,1297,1231,1179,1155,1126,1053,1033,1005,896,951,902,891,875,816,868,810,749,730,749,731,698,688,634,593,613,592,593,551,547,551,496,515,541,502,504,488,468,486,500,495,466,465,423,411,462,448,397,397,28955"
quotient,0.8,1.2191e+06,2.33319e+06,0,26.8584,32.3749,1009,0,0,"0,0,10939,1814,4710,1962,3066,1901,2287,1820,1904,1522,1594,1467,1439,1267,1304,1253,1197,1181,1091,1042,1041,1055,960,947,901,846,823,821,805,796,775,737,704,661,667,670,700,643,641,652,600,615,601,565,533,560,535,520,504,510,517,455,439,443,476,458,452,477,462,397,409,411,28456"
quotient,0.8,1.23113e+06,2.45145e+06,0,26.0416,32.2784,783,0,0,"0,0,10789,1811,4784,1949,3167,1951,2398,1794,1885,1550,1679,1472,1439,1284,1257,1170,1231,1197,1139,1123,1022,990,949,921,911,862,828,835,763,797,749,752,723,719,698,685,652,680,628,626,585,577,539,508,558,545,517,511,508,540,517,477,480,471,479,449,428,416,409,404,408,439,28376"
quotient,0.8,1.25471e+06,2.42999e+06,0,26.7584,32.4254,978,0,0,"0,0,10920,1779,4564,1904,2998,1866,2269,1741,1825,1602,1716,1441,1485,1356,1277,1248,1233,1136,1115,1112,1016,1010,1001,917,980,884,861,835,791,756,766,780,742,693,708,650,664,694,662,636,633,612,587,567,554,581,568,551,493,484,473,492,479,467,443,434,439,451,472,453,402,386,28346"
quotient,0.8,1.24123e+06,2.42987e+06,0,26.6271,32.3766,751,0,0,"0,0,11030,1812,4683,1963,3106,1932,2306,1649,1828,1588,1628,1406,1423,1293,1339,1274,1243,1093,1136,1038,1029,1047,999,935,933,873,880,830,825,830,783,741,730,713,649,654,660,628,595,593,578,539,540,500,533,518,541,510,510,504,486,454,474,469,427,443,472,468,466,414,380,390,28687"
quotient,0.8,1.21294e+06,2.3929e+06,0,26.3212,32.3784,756,0,0,"0,0,10837,1793,4690,1918,3038,1900,2359,1815,1911,1620,1682,1488,1436,1290,1278,1233,1200,1123,1108,1018,1003,1014,949,944,879,869,836,848,772,806,755,754,687,697,710,690,653,680,658,596,659,628,628,592,552,559,554,494,490,530,509,513,480,493,475,435,453,435,428,428,422,407,28299"
quotient,0.85,679765,1.34305e+06,0,57.1572,41.1683,1548,0,0,"0,0,7787,755,3727,909,2529,1009,1835,1013,1519,920,1331,918,1092,901,1038,874,847,823,858,821,767,721,771,707,719,712,692,654,606,598,655,651,579,545,554,535,514,542,497,490,473,486,485,448,466,456,458,433,436,429,465,419,418,414,393,405,407,380,379,371,317,357,46690"
quotient,0.85,689134,1.35525e+06,0,56.5263,40.9935,2209,0,0,"0,0,7819,794,3721,936,2462,1045,1872,1016,1594,961,1300,919,1105,858,1027,931,985,817,871,752,777,722,779,774,703,676,686,635,650,640,571,596,555,509,537,572,528,546,538,514,516,531,507,496,455,453,433,431,411,403,451,429,449,415,420,419,404,391,364,384,384,373,46188"
quotient,0.85,685433,1.32758e+06,0,57.0826,41.0801,1527,0,0,"0,0,7764,804,3730,941,2417,1042,1868,993,1484,983,1330,939,1128,859,1015,896,920,826,922,800,828,731,738,725,690,653,656,657,689,631,607,556,574,548,579,559,541,515,536,493,492,489,490,494,486,482,451,438,426,423,436,415,426,392,397,420,400,389,390,393,383,363,46358"
quotient,0.85,687160,1.37458e+06,0,56.4382,40.9455,1782,0,0,"0,0,7842,834,3723,979,2480,972,1901,1054,1470,1002,1315,926,1139,901,1003,849,970,882,853,754,820,739,732,701,725,674,663,653,663,613,592,587,605,544,540,547,577,535,531,504,518,511,484,450,470,466,477,478,450,431,441,416,425,399,424,378,379,354,389,378,381,364,46143"
quotient,0.85,690036,1.3637e+06,0,56.9341,40.9643,2030,0,0,"0,0,7860,813,3730,957,2590,1098,1905,1046,1588,998,1308,920,1129,919,1024,840,893,818,888,730,752,723,717,651,654,634,600,668,669,615,645,605,523,528,561,582,499,525,528,494,490,491,490,496,490,492,462,428,432,435,432,393,407,405,377,373,380,377,393,358,351,374,46447"
quotient,0.85,670561,1.29814e+06,0,57.8104,41.0105,1974,0,0,"0,0,7987,791,3762,944,2510,1009,1886,957,1560,1015,1290,956,1116,944,996,828,927,802,844,757,798,724,746,706,714,697,634,623,570,598,593,587,576,551,565,535,498,520,527,514,496,485,492,482,469,446,457,461,423,434,433,384,458,414,367,392,407,385,353,389,348,360,46508"
quotient,0.85,696672,1.3613e+06,0,56.8274,41.1877,2187,0,0,"0,0,7795,789,3683,937,2399,992,1881,1010,1522,984,1248,937,1081,914,1019,853,955,836,894,761,819,719,769,722,677,678,653,607,675,616,593,578,582,581,581,531,546,560,530,503,524,457,456,456,465,459,446,445,484,430,442,421,381,401,399,414,406,379,350,361,353,355,46706"
quotient,0.85,685795,1.36645e+06,0,57.114,41.0805,2047,0,0,"0,0,7744,763,3642,964,2554,1046,1872,1011,1519,1035,1262,963,1188,879,988,833,908,819,837,811,798,746,726,667,677,657,661,641,635,634,627,608,633,575,573,580,512,481,518,495,508,486,511,479,486,449,499,451,463,474,453,444,419,447,402,419,386,391,405,381,398,345,46222"
quotient,0.85,693147,1.35849e+06,0,56.2173,41.0763,2011,0,0,"0,0,7685,772,3618,981,2510,1024,1875,1039,1555,1010,1353,948,1121,906,993,872,939,849,883,764,810,734,763,741,735,700,685,651,667,576,612,605,575,579,531,493,528,506,510,516,483,494,467,465,457,411,431,436,446,430,427,444,439,444,414,383,370,374,357,375,388,358,46493"
quotient,0.85,710922,1.36138e+06,0,55.6262,40.9221,2247,0,0,"0,0,7739,819,3628,978,2480,1021,1927,1027,1568,1041,1297,1026,1151,872,1026,843,946,821,858,825,759,753,775,688,756,685,635,659,656,670,650,591,551,565,531,585,559,521,543,516,492,478,459,464,451,482,478,484,443,439,450,437,420,407,411,384,355,365,370,361,353,337,46139"
quotient,0.9,258908,518705,0,175.427,50.3063,6040,0,0,"0,0,4668,189,2381,261,1754,310,1396,341,1182,336,953,332,933,352,786,346,702,325,643,318,586,304,530,347,559,329,516,346,496,319,447,303,394,288,387,293,397,308,394,304,409,288,360,298,342,280,330,277,353,261,326,273,307,236,306,256,298,262,277,223,252,229,67202"
quotient,0.9,265508,504078,0,175.254,49.9843,6422,0,0,"0,0,4867,198,2437,273,1793,303,1450,326,1076,325,1049,338,918,373,802,354,739,375,687,350,676,330,556,329,542,321,469,319,560,338,481,305,425,319,413,297,386,266,359,315,400,313,382,278,367,244,314,256,282,264,279,226,295,275,271,243,271,230,275,230,269,233,66764"
quotient,0.9,265836,513272,0,174.065,50.0885,7231,0,0,"0,0,4784,181,2446,255,1717,289,1384,317,1169,374,1042,365,881,335,781,344,748,342,627,333,596,376,600,321,557,338,503,300,479,322,485,335,473,331,440,334,417,282,378,297,360,297,363,277,373,309,349,295,346,264,313,244,270,250,311,237,300,252,286,242,253,229,66702"
quotient,0.9,254156,496528,0,182.95,50.108,6178,0,0,"0,0,4684,209,2473,257,1743,328,1364,273,1155,346,1029,337,900,374,738,329,730,332,713,372,652,363,638,350,549,314,488,304,454,347,473,306,438,342,428,325,413,284,380,331,364,302,385,279,367,295,308,268,316,282,313,255,304,241,291,257,299,260,290,263,288,259,66649"
quotient,0.9,257798,487006,0,180.984,50.2388,6844,0,0,"0,0,4672,201,2407,243,1772,327,1397,319,1198,366,1023,358,862,335,729,338,738,376,693,345,581,356,571,347,531,321,503,329,486,311,398,320,425,334,415,284,407,287,392,258,362,283,359,270,325,265,289,280,322,278,310,250,286,222,300,271,299,267,268,221,277,241,67200"
quotient,0.9,249384,477116,0,187.079,50.1955,9746,0,0,"0,0,4727,191,2397,277,1770,323,1479,301,1135,319,1018,326,884,322,795,362,691,344,637,328,615,347,565,327,562,301,493,330,454,308,467,310,469,330,437,330,402,282,356,293,363,303,355,290,348,286,322,271,313,278,335,295,332,250,296,246,282,245,307,257,255,233,66934"
quotient,0.9,267064,526291,0,175.071,50.1673,7238,0,0,"0,0,4709,189,2370,276,1742,326,1394,366,1191,335,1028,322,910,357,793,367,705,355,647,338,636,344,567,309,520,346,531,309,489,315,449,310,424,295,440,318,387,307,410,320,361,263,329,293,327,296,360,246,323,267,308,264,324,246,322,239,265,251,279,235,256,217,66983"
quotient,0.9,258679,508122,0,174.341,50.1921,6162,0,0,"0,0,4711,195,2456,250,1792,309,1396,329,1176,293,986,334,904,355,786,350,766,382,666,363,628,347,558,318,484,315,464,321,436,304,461,262,425,317,419,332,399,302,390,319,333,296,340,313,384,271,320,254,301,290,327,263,302,270,298,264,313,253,292,255,286,259,66916"
quotient,0.9,250012,504644,0,183.313,50.2036,5814,0,0,"0,0,4804,188,2425,300,1726,276,1394,331,1176,333,997,349,854,331,751,323,747,346,662,363,581,344,555,364,537,341,498,311,475,326,438,303,468,308,381,316,393,311,370,303,383,268,364,283,339,258,327,251,309,261,319,258,317,260,293,272,320,264,278,267,285,273,66952"
quotient,0.9,272297,524912,0,168.107,50.0937,5116,0,0,"0,0,4734,201,2476,275,1799,302,1387,278,1117,355,1090,341,886,348,794,339,740,341,678,378,623,367,562,323,497,342,480,288,497,334,412,318,433,308,410,298,406,320,400,276,381,330,421,287,348,274,339,264,318,274,328,257,326,269,264,248,282,243,278,257,283,228,66748"
quotient,0.95,9284.14,52771.5,0,5516.4,59.9541,275716,0,0,"0,0,233,854,119,566,132,525,119,417,102,334,113,321,103,346,103,251,84,253,113,240,110,227,82,194,100,178,85,175,96,210,95,174,95,135,91,148,90,133,94,158,94,150,100,157,80,132,93,132,77,119,93,117,90,115,75,117,79,110,92,89,87,94,89710"
quotient,0.95,5072.07,48218.6,0,9452.53,59.9481,661752,0,0,"0,0,239,906,141,616,127,472,111,393,123,330,107,342,91,270,99,288,100,259,83,235,97,219,99,193,99,197,80,178,99,213,102,169,90,132,94,150,97,139,85,130,95,127,96,149,95,133,77,125,83,112,90,125,78,109,86,126,95,117,102,121,66,103,89696"
quotient,0.95,6736.29,46227.1,0,7432.29,59.9146,323424,0,0,"0,0,225,860,118,616,122,510,89,415,90,361,105,319,119,318,104,275,108,263,117,207,82,227,98,206,121,199,86,169,102,184,103,163,95,162,114,181,99,150,91,149,106,150,94,138,98,121,76,141,104,132,86,104,67,111,70,106,85,130,85,120,91,103,89560"
quotient,0.95,8344.7,53211,0,5851.55,59.9465,308000,0,0,"0,0,254,861,112,595,108,495,108,406,106,375,94,327,104,269,101,284,110,245,102,233,110,215,114,198,105,191,93,184,110,160,93,175,102,174,97,148,95,160,87,159,100,137,99,130,98,111,78,125,95,120,84,117,86,128,98,112,82,105,81,116,85,121,89633"
quotient,0.95,6029.68,51268.2,0,7946.42,59.9463,551551,0,0,"0,0,238,840,112,632,123,487,116,398,112,397,113,373,119,278,104,278,119,220,86,228,99,193,105,194,102,194,84,192,105,172,98,174,89,142,84,143,100,156,95,166,106,120,73,127,84,138,84,113,80,110,69,115,81,114,81,116,80,103,87,98,87,121,89753"
quotient,0.95,8305.03,47430.8,0,6084.48,59.9182,539215,0,0,"0,0,241,853,123,601,119,513,99,396,116,364,114,345,105,292,99,293,119,241,126,236,81,219,94,186,119,203,118,188,81,173,101,156,80,152,108,159,85,145,86,127,90,143,83,127,98,147,103,131,94,129,98,123,89,123,86,114,92,105,83,121,89,105,89571"
quotient,0.95,8094.81,56902.6,0,5921.79,59.9722,325923,0,0,"0,0,249,861,114,634,129,483,113,402,102,343,115,324,125,291,103,260,99,252,89,231,93,214,88,204,92,167,110,209,110,176,120,167,94,150,85,137,80,148,87,128,74,134,75,122,93,128,89,137,95,111,82,100,79,120,82,117,89,116,76,102,89,94,89818"
quotient,0.95,7132.28,48615.2,0,6913.26,60.0117,435394,0,0,"0,0,207,838,120,642,115,478,124,410,90,394,101,333,99,295,116,257,88,253,110,234,101,205,97,206,104,169,77,186,112,153,88,180,94,160,81,144,90,122,88,128,88,131,91,122,91,130,90,115,76,99,63,120,84,105,79,115,100,131,90,99,83,101,89908"
quotient,0.95,9393.21,50536,0,5447.8,59.9301,581530,0,0,"0,0,204,869,140,624,120,511,127,420,110,341,100,390,114,269,90,272,116,258,100,234,89,211,99,205,105,192,87,186,90,162,94,152,90,158,82,154,93,141,109,149,90,163,91,116,78,119,82,132,92,109,81,118,85,119,83,96,75,125,96,105,72,101,89715"
quotient,0.95,5837.34,45142.2,0,8444.64,59.9483,599143,0,0,"0,0,237,855,132,656,124,488,118,402,105,333,96,318,106,277,104,243,97,260,118,227,98,229,102,210,116,179,101,173,85,178,91,174,98,158,99,156,86,156,96,134,95,126,90,145,90,137,95,134,86,104,87,120,88,114,98,130,90,120,98,117,86,99,89636"
